Rk,Player,Pos,Age,Tm,G,MP,PER,TS%,3PAr,FTr,ORB%,DRB%,TRB%,AST%,STL%,BLK%,TOV%,USG%,,OWS,DWS,WS,WS/48,,OBPM,DBPM,BPM,VORP
1,Zaid Abdul-Aziz,C,30,BUF,22,195,16.3,0.447,,0.581,21.1,25.5,23.3,5,0.7,2.3,,,,0.1,0.2,0.3,0.078,,-1.6,-1.8,-3.3,-0.1
2,Kareem Abdul-Jabbar*,C,29,LAL,82,3016,27.8,0.608,,0.35,9.2,27.2,18.4,16.8,1.5,4.4,,,,11.9,5.9,17.8,0.283,,6.8,2.6,9.4,8.7
3,Tom Abernethy,SF,22,LAL,70,1378,12.7,0.538,,0.384,8.5,12.9,10.8,8.9,1.6,0.4,,,,1.8,1.3,3.1,0.11,,0,-0.2,-0.3,0.6
4,Alvan Adams,C,22,PHO,72,2278,20.2,0.519,,0.303,8.5,22.3,15.4,22.3,1.9,2.1,,,,2.3,4,6.3,0.134,,2,1.6,3.6,3.2
5,Don Adams,SF,29,BUF,77,1710,11.7,0.466,,0.329,7.6,14.3,10.9,12.1,1.9,0.5,,,,0.2,1.4,1.6,0.046,,-1.8,0,-1.8,0.1
6,Lucius Allen,PG,29,LAL,78,2482,15.6,0.497,,0.243,2.4,7.7,5.2,22.2,2.1,0.4,,,,2.8,2.1,4.9,0.094,,0.3,-0.3,0,1.2
7,Jerome Anderson,SG,23,IND,27,164,10.1,0.487,,0.339,5.2,1.8,3.6,8.3,1.6,0.6,,,,0.1,0,0.1,0.027,,-3.4,-0.8,-4.2,-0.1
8,Tiny Archibald*,PG,28,NYN,34,1277,19.4,0.52,,0.448,1.7,4.8,3.2,33.8,2.1,0.5,,,,1.8,1,2.8,0.104,,2.3,-0.5,1.8,1.2
9,Jim Ard,C,28,BOS,63,969,9.1,0.419,,0.299,7.9,22,15,7.1,0.8,1.4,,,,-0.6,1.4,0.8,0.039,,-3.4,0.8,-2.6,-0.1
10,Bird Averitt,SG,24,BUF,75,1136,11.2,0.425,,0.273,1.8,5.2,3.5,18.2,1.2,0.2,,,,-1.4,0.3,-1.1,-0.046,,-3.6,-2.7,-6.3,-1.2
11,Dennis Awtrey,C,28,PHO,72,1760,9.6,0.48,,0.338,6.8,15,10.9,13.4,0.6,1,,,,0.3,1.8,2.1,0.057,,-1.6,0.2,-1.4,0.3
12,Mike Bantom,PF-SF,25,TOT,77,1909,16.8,0.531,,0.411,9.4,16.1,12.6,8.4,1.5,1.4,,,,2.6,2.2,4.8,0.12,,0.5,-0.3,0.2,1.1
12,Mike Bantom,PF,25,SEA,44,795,14.8,0.522,,0.299,10.3,13.9,12,9.4,2,1.4,,,,0.9,1,1.9,0.113,,-0.2,0.3,0.1,0.4
12,Mike Bantom,SF,25,NYN,33,1114,18.2,0.535,,0.477,8.7,17.6,13,7.7,1.2,1.4,,,,1.6,1.3,2.9,0.125,,1,-0.7,0.3,0.6
13,Tom Barker,C,21,ATL,59,1354,11.5,0.468,,0.376,8.6,23.2,15.8,6.4,1.1,1.7,,,,-0.4,1.4,1,0.035,,-3.1,-0.3,-3.5,-0.5
14,Marvin Barnes,PF,24,DET,53,989,15,0.49,,0.345,7.2,19.3,13.3,6.1,1.7,1.7,,,,0.3,1,1.3,0.063,,-1.5,-0.7,-2.3,-0.1
15,Jim Barnett,SG,32,PHI,16,231,7.4,0.459,,0.281,3.2,2.9,3,13,0.8,0,,,,0,0.1,0.1,0.014,,-3.4,-1.1,-4.4,-0.2
16,Norton Barnhill,SG,23,SEA,4,10,4.7,0.333,,0,19.8,10.7,15.4,15,0,0,,,,0,0,0,-0.198,,-5,-0.3,-5.3,0
17,Mike Barr,SG,26,KCK,73,1224,10.3,0.469,,0.204,2.7,8.5,5.5,17.9,1.9,0.8,,,,0.4,1,1.4,0.054,,-1.3,0.5,-0.7,0.4
18,Rick Barry*,SF,32,GSW,79,2904,19.3,0.5,,0.253,2.5,12.2,7.3,23.2,2.6,1,,,,5.1,3.3,8.4,0.139,,2.4,0.5,2.9,3.6
19,Tim Bassett,PF,25,NYN,76,2442,10.5,0.421,,0.24,6.9,20.4,13.3,6.7,1.8,1.2,,,,-1.9,3.4,1.5,0.029,,-3,0.3,-2.7,-0.4
20,Butch Beard,PG,29,NYK,70,1082,13.4,0.544,,0.372,4.9,10.7,7.9,16.9,2.3,0.2,,,,0.9,1,2,0.088,,-0.9,1,0.1,0.6
21,Byron Beck,PF,32,DEN,53,480,13.2,0.471,,0.179,9.8,10.6,10.2,10,1.3,0.1,,,,0.3,0.5,0.8,0.078,,-1.3,-1.7,-3.1,-0.1
22,Ron Behagen,PF,26,NOJ,60,1170,15.1,0.457,,0.248,12.1,23.4,17.8,10.3,1.6,0.8,,,,0,1.8,1.8,0.073,,-1.4,-0.5,-1.9,0
23,Mel Bennett,PF,22,IND,67,911,11.5,0.417,,0.636,11.4,13.9,12.6,9.8,1.8,1.9,,,,-0.7,0.8,0.1,0.005,,-3.6,-0.7,-4.4,-0.5
24,Henry Bibby,PG,27,PHI,81,2639,11.5,0.499,,0.402,3.4,6.7,5.2,17.4,1.8,0.1,,,,1.8,2.3,4.1,0.074,,-1.4,0,-1.5,0.4
25,Bob Bigelow,SF,23,KCK,29,162,14.7,0.549,,0.243,4.9,12.6,8.6,7.2,0.8,0.3,,,,0.3,0.1,0.4,0.117,,-1.1,-1,-2,0
26,Dave Bing*,SG,33,WSB,64,1516,15.3,0.503,,0.295,3.7,5.9,4.8,25.5,1.8,0.2,,,,1.6,1.3,2.9,0.092,,0.1,-0.4,-0.3,0.7
27,Tom Boerwinkle,C,31,CHI,82,1070,14.7,0.502,,0.231,9.7,20.8,15.2,25.4,0.9,1,,,,0.8,1.5,2.3,0.102,,-0.1,1.5,1.4,0.9
28,Ron Boone,SG,30,KCK,82,3021,17.5,0.521,,0.244,4.2,6.9,5.5,17.2,1.8,0.3,,,,6.1,2,8.1,0.128,,2,-1.1,1,2.3
29,Tom Boswell,PF,23,BOS,70,1083,13.6,0.558,,0.397,10.2,17.5,13.9,11,1.1,0.4,,,,1,1.4,2.4,0.107,,-2.2,0.6,-1.7,0.1
30,Freddie Boyd,PG,26,NOJ,47,1212,12.6,0.52,,0.241,1.5,5.6,3.6,17.1,1.6,0.3,,,,1.3,0.8,2.1,0.083,,-1,-0.1,-1.2,0.3
31,Bill Bradley*,SF,33,NYK,67,1027,9.5,0.492,,0.153,2.8,7.6,5.3,15.5,1.1,0.4,,,,0.3,0.5,0.8,0.038,,-2.1,-0.3,-2.4,-0.1
32,Jim Brewer,PF,25,CLE,81,2672,12.7,0.469,,0.271,10.1,19.2,14.5,9.6,1.7,1.7,,,,2,3.9,5.8,0.105,,0.1,1.2,1.3,2.2
33,Junior Bridgeman,SF,23,MIL,82,2410,14.4,0.494,,0.208,5.5,12.4,8.9,11.7,1.5,0.5,,,,2.5,1.1,3.6,0.071,,0.2,-1.3,-1.1,0.6
34,Allan Bristow,SF,25,SAS,82,2017,15.4,0.544,,0.345,6.1,11.6,8.9,15.7,1.9,0,,,,3.2,1.1,4.3,0.101,,0.6,-0.9,-0.4,0.8
35,Gary Brokaw,SG,23,TOT,80,1487,13.5,0.49,,0.388,1.5,7.1,4.2,21,1.1,1.3,,,,1,0.6,1.6,0.052,,-0.7,-0.9,-1.6,0.1
35,Gary Brokaw,SG,23,MIL,41,891,11.7,0.475,,0.423,1.2,6.3,3.7,15.9,1.1,1.3,,,,0.2,0.2,0.3,0.019,,-1.5,-1.3,-2.8,-0.2
35,Gary Brokaw,SG,23,CLE,39,596,16.3,0.511,,0.342,2,8.3,5,28.7,1.1,1.2,,,,0.8,0.5,1.3,0.101,,0.5,-0.4,0.1,0.3
36,Fred Brown,SG,28,SEA,72,2098,17.4,0.516,,0.171,3.2,8.4,5.7,13.7,2.7,0.5,,,,3.9,2.2,6.1,0.14,,1.6,0.6,2.2,2.2
37,John Brown,SF,25,ATL,77,1405,10.5,0.53,,0.429,5.6,12.4,8.9,10.2,1.5,0.3,,,,0.8,0.9,1.7,0.058,,-2.3,0,-2.3,-0.1
38,Roger Brown,C,26,DET,43,322,8.7,0.445,,0.464,10,19,14.5,4.2,2.1,2.9,,,,-0.2,0.4,0.2,0.029,,-4.2,1,-3.3,-0.1
39,Joe Bryant,PF,22,PHI,61,612,14.1,0.493,,0.292,7.8,11.2,9.6,11,2.6,1.1,,,,0.3,0.8,1.2,0.093,,-1.1,0.6,-0.5,0.2
40,Quinn Buckner,PG,22,MIL,79,2095,13.5,0.45,,0.224,4.5,8.6,6.5,22.5,4.1,0.5,,,,-0.5,2,1.5,0.035,,-2.1,1.7,-0.4,0.9
41,Ticky Burden,SG,23,NYK,61,608,14.6,0.446,,0.241,4.6,6.8,5.7,14.9,3.4,0.1,,,,-0.7,0.7,0,-0.004,,-3.1,0,-3.1,-0.2
42,Tom Burleson,C,24,SEA,82,1803,16.3,0.507,,0.462,10.1,21.8,15.7,7.3,1.8,3.5,,,,1.4,3,4.4,0.117,,-1,0.9,0,0.9
43,Don Buse,PG,26,IND,81,2947,14.1,0.46,,0.227,2.1,6.9,4.4,29,4.3,0.3,,,,1.5,3.1,4.7,0.076,,-0.3,1.9,1.6,2.7
44,Corky Calhoun,SF,26,POR,70,743,10,0.535,,0.464,5.6,14.2,10,5.9,1.4,0.6,,,,0.5,0.8,1.3,0.083,,-2.4,-0.1,-2.5,-0.1
45,Mack Calvin,PG,29,TOT,76,1438,15.5,0.525,,0.621,2.6,4.2,3.4,21.7,1.8,0.1,,,,1.9,0.9,2.8,0.092,,-0.3,-1.5,-1.8,0.1
45,Mack Calvin,PG,29,LAL,12,207,13.1,0.461,,0.585,3,4.8,3.9,12.8,2.4,0.2,,,,0.1,0.2,0.2,0.052,,-2.4,-0.6,-2.9,-0.1
45,Mack Calvin,PG,29,SAS,35,606,14.9,0.513,,0.616,1.9,3.4,2.6,21.8,1.6,0.1,,,,0.6,0.1,0.7,0.056,,-0.8,-2.6,-3.4,-0.2
45,Mack Calvin,PG,29,DEN,29,625,17,0.56,,0.64,3.2,4.8,4,24.6,1.9,0.1,,,,1.2,0.6,1.8,0.14,,0.9,-0.7,0.1,0.3
46,Austin Carr,SG,28,CLE,82,2409,15.3,0.496,,0.219,4.9,5.2,5.1,14.3,1.1,0.2,,,,3.9,1.4,5.3,0.105,,0.9,-1.3,-0.4,1
47,M.L. Carr,SF,26,DET,82,2643,15.2,0.518,,0.3,8.3,16.4,12.4,8.7,2.8,1.1,,,,2.9,3,5.9,0.107,,0.4,0.7,1.1,2.1
48,Fred Carter,SG,31,TOT,61,1112,11.7,0.448,,0.192,5.1,5.7,5.4,15.3,1.6,0.4,,,,0.1,0.4,0.4,0.018,,-1.7,-1.5,-3.2,-0.4
48,Fred Carter,SG,31,PHI,14,237,10.4,0.439,,0.188,4.5,5.6,5.1,12.5,2.1,0.4,,,,-0.1,0.2,0.1,0.024,,-3,-0.3,-3.4,-0.1
48,Fred Carter,SG,31,MIL,47,875,12.1,0.45,,0.193,5.3,5.7,5.5,16,1.4,0.4,,,,0.2,0.1,0.3,0.017,,-1.4,-1.8,-3.2,-0.3
49,Cornelius Cash,PF,24,DET,6,49,12,0.41,,0.261,16.9,16.9,16.9,2.6,1.8,1.1,,,,-0.1,0,0,-0.01,,-3.8,-0.8,-4.6,-0.1
50,Harvey Catchings,C,25,PHI,53,864,10,0.546,,0.382,7.8,18.7,13.5,4.3,1.2,4.5,,,,0.2,1.5,1.7,0.092,,-2.3,2.4,0.1,0.5
51,Don Chaney,SG,30,LAL,81,2408,10.2,0.44,,0.18,5.2,8.7,7,15.3,2.7,0.7,,,,0.4,2.6,2.9,0.058,,-1.7,1.5,-0.2,1.1
52,Ken Charles,SG,25,ATL,82,2487,12,0.472,,0.299,1.7,5.5,3.6,17.2,2.6,1,,,,0.5,1.8,2.3,0.044,,-1.6,0.7,-0.9,0.7
53,Phil Chenier,SG,26,WSB,78,2842,15.8,0.489,,0.218,2.1,8.6,5.4,15.7,1.9,0.7,,,,2.9,2.9,5.8,0.098,,0.5,0.1,0.5,1.8
54,Jim Chones,C,27,CLE,82,2378,14.8,0.495,,0.218,8.6,21.2,14.7,6.4,0.6,1.8,,,,2.9,3,5.9,0.119,,-0.2,-0.4,-0.6,0.8
55,Jim Cleamons,PG,27,CLE,60,2045,12.9,0.476,,0.25,4.8,8.9,6.8,20.2,1.5,0.6,,,,2,1.8,3.8,0.088,,0.1,0.3,0.4,1.2
56,E.C. Coleman,PF,26,NOJ,77,2369,9.6,0.489,,0.178,6.2,16.1,11.2,5.8,1.2,0.7,,,,0.7,2.6,3.2,0.065,,-2.4,0.2,-2.2,-0.1
57,Doug Collins,SG,25,PHI,58,2037,16.7,0.569,,0.304,3.3,6.1,4.8,19.6,1.5,0.4,,,,4.6,1.6,6.2,0.145,,1.4,-0.5,0.8,1.4
58,Norm Cook,SF,21,BOS,25,138,10.3,0.396,,0.236,7.2,12,9.6,5.3,3.2,1.1,,,,-0.3,0.2,-0.1,-0.023,,-4.9,0.5,-4.4,-0.1
59,Dave Cowens*,C,28,BOS,50,1888,16.8,0.485,,0.262,7.7,28.3,18.1,18.8,1.1,1.3,,,,1.1,3.3,4.4,0.113,,0.8,1.7,2.6,2.2
60,Mike D'Antoni,SG,25,SAS,2,9,7.2,0.387,,0.667,0,22.6,11.4,26.8,0,0,,,,0,0,0,-0.185,,-4.8,-0.1,-5,0
61,Louie Dampier*,PG,32,SAS,80,1634,10.4,0.486,,0.17,1.4,3.4,2.4,18,1.3,0.4,,,,1,0.2,1.2,0.035,,-1.1,-1.5,-2.6,-0.2
62,Bob Dandridge,SF,29,MIL,70,2501,17.5,0.514,,0.293,6,12.2,9.1,15.4,1.7,0.6,,,,4.2,1.2,5.4,0.104,,1.9,-1.1,0.8,1.8
63,Mel Daniels*,C,32,NYN,11,126,10.7,0.432,,0.657,7.6,20.3,13.7,7,1.1,4.9,,,,-0.2,0.2,0,-0.002,,-5,0.8,-4.3,-0.1
64,Adrian Dantley*,SF,21,BUF,77,2816,18.3,0.601,,0.556,8.9,12.1,10.5,7.7,1.4,0.3,,,,8.2,1.6,9.8,0.167,,2.7,-1.1,1.6,2.5
65,Dwight Davis,PF,27,GSW,33,552,8.6,0.511,,0.581,6.2,11.2,8.7,6.2,0.9,0.8,,,,0.2,0.4,0.6,0.049,,-3.4,-0.8,-4.1,-0.3
66,Johnny Davis,SG,21,POR,79,1451,12.8,0.509,,0.394,4.5,4.5,4.5,13.5,1.3,0.4,,,,1.7,0.9,2.5,0.084,,-0.2,-1.4,-1.6,0.1
67,Mel Davis,PF,26,TOT,56,1094,10.7,0.397,,0.196,8.9,18.8,13.7,9.7,1.3,0.3,,,,-1.5,1.2,-0.4,-0.016,,-3.3,-1.4,-4.7,-0.7
67,Mel Davis,PF,26,NYK,22,342,10.1,0.421,,0.282,9.4,21,15.3,8.7,1.2,0.2,,,,-0.3,0.4,0.1,0.01,,-2.9,-0.7,-3.7,-0.2
67,Mel Davis,PF,26,NYN,34,752,11,0.389,,0.169,8.7,17.7,13,10.2,1.4,0.3,,,,-1.2,0.8,-0.4,-0.027,,-3.5,-1.6,-5.1,-0.6
68,Mickey Davis,SF,26,MIL,19,165,16.8,0.513,,0.368,6.9,11.4,9.1,16.1,1.6,1.2,,,,0.3,0.1,0.4,0.102,,0.1,-0.3,-0.3,0.2
69,Ron Davis,SF,22,ATL,7,67,2.1,0.246,,0.371,3.1,8.1,5.6,4.2,4.8,0,,,,-0.4,0.1,-0.4,-0.256,,-6.3,-0.4,-6.8,-0.2
70,Darryl Dawkins,C,20,PHI,59,684,16.5,0.621,,0.367,9.1,23.7,16.8,5.1,0.8,3.6,,,,0.9,1.2,2.1,0.15,,-0.8,1,0.2,0.4
71,Randy Denton,C,27,ATL,45,700,11.2,0.432,,0.184,12.1,21.2,16.6,6.9,0.9,1.3,,,,-0.2,0.6,0.4,0.029,,-2.4,-1.3,-3.7,-0.3
72,Henry Dickerson,PG,25,ATL,6,63,8.5,0.548,,0.667,0,3.4,1.7,23.7,0.7,0,,,,0,0,0,0,,-4,-0.5,-4.5,-0.1
73,Derrek Dickey,PF,25,GSW,49,856,14,0.485,,0.177,11.7,16.6,14.2,9.7,1,0.7,,,,0.9,0.8,1.7,0.093,,-0.2,-1.4,-1.6,0.1
74,Coby Dietrick,C,28,SAS,82,1772,12.8,0.497,,0.268,6.5,15,10.8,10.7,2.1,1.6,,,,0.7,1.6,2.3,0.061,,-1.6,0.2,-1.4,0.3
75,Ernie DiGregorio,PG,26,BUF,81,2267,12.1,0.462,,0.167,2.3,5.9,4.1,24.1,1.1,0.1,,,,0.7,0.5,1.3,0.027,,-1.3,-1.8,-3.1,-0.6
76,Leon Douglas,C,22,DET,82,1626,13.3,0.503,,0.447,11.5,22,16.8,5.2,1.2,2.6,,,,0.3,1.8,2.1,0.063,,-2.4,-0.5,-2.9,-0.4
77,John Drew,SF,22,ATL,74,2688,20.2,0.536,,0.407,10.9,15.9,13.4,8.6,1.7,0.6,,,,5.7,2.2,7.9,0.142,,3,-1.2,1.8,2.6
78,Charles Dudley,PG,26,GSW,79,1682,15.7,0.557,,0.482,7.1,10.7,8.9,25.5,1.8,0.2,,,,2.7,1.3,4,0.115,,1.3,-0.1,1.2,1.3
79,Mike Dunleavy,PG,22,PHI,32,359,11.9,0.467,,0.31,2.9,6.3,4.7,21.7,1.6,0.3,,,,-0.1,0.3,0.2,0.023,,-3.7,-0.9,-4.6,-0.3
80,Jim Eakins,C,30,KCK,82,1338,14.6,0.565,,0.661,8.4,20,14,11.3,1,2,,,,2.1,1.5,3.6,0.128,,-0.4,0.4,0,0.7
81,Al Eberhard,SF,24,DET,68,1219,11.5,0.534,,0.363,6.5,12.3,9.4,5.1,1.6,0.6,,,,1,0.8,1.8,0.069,,-2.1,-0.6,-2.7,-0.2
82,Len Elmore,C,24,IND,6,46,12.8,0.469,,0.294,14.4,17.3,15.8,5.9,0,4.5,,,,0,0,0,0.039,,-4,-0.3,-4.3,0
83,Darrell Elston,SG,24,IND,5,40,-1.6,0.168,,0.143,2.4,12.5,7.3,5.9,1.1,0,,,,-0.2,0,-0.2,-0.218,,-5.6,-0.7,-6.3,-0.1
84,Alex English*,SF,23,MIL,60,648,14.8,0.511,,0.217,10.8,16.1,13.4,5.3,1.2,1.4,,,,0.8,0.4,1.2,0.09,,-0.1,-1.6,-1.7,0
85,Keith Erickson,SF,32,PHO,50,949,11.1,0.508,,0.17,4.1,12.2,8.2,15.4,1.4,0.4,,,,0.4,1,1.4,0.071,,-1.9,0.3,-1.6,0.1
86,Julius Erving*,SF,26,PHI,82,2940,20.9,0.553,,0.375,6.9,16.2,11.8,15.9,2.4,1.9,,,,6.8,4.8,11.5,0.188,,3.3,1.3,4.5,4.8
87,Butch Feher,SG,22,PHO,48,487,15.9,0.603,,0.611,4,12.4,8.2,10.8,1,0.8,,,,1,0.5,1.5,0.145,,0.9,-0.3,0.6,0.3
88,Eric Fernsten,C,23,CHI,5,61,10,0.353,,0.733,15.2,12.1,13.7,12.8,0.8,2.7,,,,-0.1,0.1,0,0.004,,-3.8,0,-3.9,0
89,Mike Flynn,SG,23,IND,73,1324,14.5,0.473,,0.248,5.4,8.4,6.9,19.2,1.9,0.2,,,,1,0.7,1.7,0.062,,0,-1.1,-1.1,0.3
90,Chris Ford,SG,28,DET,82,2539,14.6,0.506,,0.185,3.9,7.1,5.5,17,3.1,0.5,,,,2.8,2,4.7,0.09,,0.2,1,1.2,2.1
91,Don Ford,PF,24,LAL,82,1782,11.7,0.485,,0.179,6.1,13.9,10.1,9.6,1.5,0.6,,,,1,1.8,2.8,0.076,,-1.2,-0.2,-1.4,0.3
92,Fred Foster,SF,30,BUF,59,689,7.7,0.428,,0.178,4.8,6.3,5.6,9.8,1,0,,,,-0.4,0.2,-0.2,-0.017,,-4.2,-1.7,-5.9,-0.7
93,Jim Fox,C,33,NYN,71,1165,13.8,0.517,,0.286,8.3,21,14.3,6.7,0.8,1.2,,,,1,1.3,2.4,0.097,,-1.5,-0.7,-2.2,-0.1
94,Walt Frazier*,PG,31,NYK,76,2687,16.6,0.535,,0.309,2.1,9.2,5.7,20.6,2.2,0.2,,,,3.8,2.3,6.1,0.108,,0.8,0.1,0.9,2
95,World B. Free,SG,23,PHI,78,2253,16.2,0.517,,0.454,4.6,5.9,5.3,17.4,1.5,0.6,,,,2.9,1.8,4.6,0.099,,0.3,-1.2,-0.9,0.7
96,Terry Furlow,SG,22,PHI,32,174,13.4,0.389,,0.18,10.9,11.5,11.2,15.8,1.8,0.6,,,,-0.2,0.2,0,0.011,,-2.5,-1.3,-3.7,-0.1
97,Mike Gale,SG,26,SAS,82,2598,13.9,0.509,,0.221,2.2,8.6,5.4,22.7,3.2,0.9,,,,1.9,2.2,4,0.075,,-0.4,1.1,0.7,1.8
98,Rowland Garrett,SF,26,TOT,62,598,12.1,0.484,,0.213,6.3,13.1,9.6,6.1,1.6,0.9,,,,0.3,0.4,0.8,0.064,,-2,-0.6,-2.6,-0.1
98,Rowland Garrett,SF,26,CLE,29,215,12.2,0.477,,0.237,4.6,14.7,9.5,4.7,1.5,0.8,,,,0.1,0.2,0.4,0.079,,-2.8,-0.2,-2.9,0
98,Rowland Garrett,SF,26,MIL,33,383,12,0.488,,0.199,7.2,12.2,9.7,6.9,1.6,0.9,,,,0.2,0.2,0.4,0.055,,-1.6,-0.9,-2.4,0
99,Gus Gerard,SF,23,TOT,65,1048,14.4,0.475,,0.258,8.7,12.3,10.5,12.8,1.8,3,,,,0,1.3,1.3,0.06,,-1.5,0.7,-0.8,0.3
99,Gus Gerard,SF,23,DEN,24,456,16.9,0.511,,0.267,8.7,13.6,11.2,15.7,2,3.4,,,,0.3,0.8,1.1,0.115,,-0.2,1.5,1.4,0.4
99,Gus Gerard,SF,23,BUF,41,592,12.4,0.443,,0.25,8.6,11.3,10,10.6,1.7,2.7,,,,-0.3,0.5,0.2,0.019,,-2.6,0.1,-2.5,-0.1
100,George Gervin*,SF,24,SAS,82,2705,21.4,0.604,,0.399,5.2,12,8.6,13.1,1.7,1.9,,,,8.7,1.8,10.5,0.187,,3.9,-0.4,3.5,3.8
101,John Gianelli,C,26,TOT,76,1913,11.5,0.476,,0.216,8.3,17.1,12.7,5.9,0.8,2.6,,,,0.8,1.7,2.5,0.063,,-1.2,-0.2,-1.4,0.3
101,John Gianelli,C,26,NYK,19,630,12.9,0.51,,0.264,10.2,19.3,14.8,5.2,1,2.3,,,,0.6,0.7,1.3,0.097,,0,-0.2,-0.2,0.3
101,John Gianelli,C,26,BUF,57,1283,10.8,0.461,,0.194,7.3,16,11.7,6.2,0.7,2.7,,,,0.2,1,1.2,0.046,,-1.8,-0.2,-1.9,0
102,Herm Gilliam,SG,30,POR,80,1665,12.7,0.467,,0.161,4,8.3,6.2,14.1,2,0.2,,,,0.9,1.5,2.5,0.071,,-1.1,-0.6,-1.7,0.1
103,Artis Gilmore*,C,27,CHI,82,2877,21.6,0.566,,0.537,11.2,27.7,19.4,11.1,0.7,3.9,,,,6.7,5.5,12.2,0.203,,2.9,1.3,4.2,4.5
104,Gail Goodrich*,SG,33,NOJ,27,609,16.1,0.496,,0.279,4,5.6,4.8,18.8,1.6,0.2,,,,0.7,0.4,1.2,0.091,,0.7,-1,-0.3,0.3
105,Leonard Gray,PF,25,TOT,83,1639,11.4,0.479,,0.267,5.3,13.2,9.2,10.5,1.6,1,,,,0,1.8,1.8,0.053,,-2.8,0.3,-2.5,-0.2
105,Leonard Gray,PF,25,SEA,25,643,13.3,0.484,,0.298,3.5,14,8.6,12.4,1.9,1.1,,,,0.2,0.7,0.9,0.07,,-1.7,0.3,-1.4,0.1
105,Leonard Gray,PF,25,WSB,58,996,10.2,0.475,,0.242,6.4,12.6,9.6,9.3,1.4,0.9,,,,-0.2,1.1,0.9,0.042,,-3.6,0.3,-3.3,-0.3
106,Mike Green,C,25,SEA,76,1928,14.5,0.49,,0.357,9.8,17.4,13.4,8.7,1,3.6,,,,1.4,2.5,3.9,0.097,,-0.4,0.5,0.1,1
107,Steve Green,SF,23,IND,70,918,13.3,0.475,,0.267,8.1,10.6,9.4,7.2,2.2,0.7,,,,0.4,0.7,1.1,0.055,,-2.2,-1.1,-3.3,-0.3
108,Kevin Grevey,SF,23,WSB,76,1306,9.9,0.452,,0.225,5.9,8.1,7,7.2,1,0.4,,,,-0.2,1,0.7,0.027,,-2.7,-1.2,-3.9,-0.6
109,Paul Griffin,PF,23,NOJ,81,1645,13.5,0.617,,0.785,10,19,14.6,12.9,1.4,1.3,,,,1.9,2.2,4.1,0.119,,-0.8,1.4,0.5,1.1
110,Bob Gross,SF,23,POR,82,2232,16.2,0.58,,0.302,8.1,10,9.1,14.5,2.1,1.4,,,,4.9,2.5,7.4,0.159,,2.2,0.7,3,2.8
111,Rudy Hackett,PF,23,TOT,6,46,8.9,0.433,,1.4,8.3,19.8,13.9,8,0,1.1,,,,-0.1,0,0,-0.024,,-4.2,-0.2,-4.4,-0.1
111,Rudy Hackett,PF,23,NYN,1,8,1.9,0.238,,2.5,12,26.7,19,0,0,0,,,,-0.1,0,0,-0.277,,-4.9,-0.3,-5.2,0
111,Rudy Hackett,PF,23,IND,5,38,10.4,0.502,,1.125,7.5,18.4,12.8,9.7,0,1.4,,,,0,0,0,0.03,,-4,-0.2,-4.3,0
112,Glenn Hansen,SG,24,KCK,41,289,15.3,0.464,,0.206,9.7,11.5,10.6,13,2,0.6,,,,0.1,0.3,0.4,0.063,,-1.1,-1.1,-2.2,0
113,John Havlicek*,SF,36,BOS,79,2913,14.7,0.495,,0.224,3.7,9.1,6.4,20.4,1.3,0.3,,,,3.3,2.8,6.1,0.1,,0.5,0,0.6,1.9
114,Steve Hawes,PF,26,ATL,44,945,14.2,0.525,,0.289,8.6,21,14.7,9.9,1.7,1.4,,,,0.8,1,1.9,0.095,,-0.7,0.6,-0.1,0.5
115,Bubbles Hawkins,SG,22,NYN,52,1481,18.2,0.487,,0.31,4.4,6.3,5.3,12.3,2.4,1,,,,0.5,1.4,1.9,0.063,,0.9,-0.4,0.5,0.9
116,Elvin Hayes*,PF,31,WSB,82,3364,19.8,0.544,,0.405,9,22.1,15.7,7.1,1.2,3.3,,,,6.6,5.5,12.1,0.173,,2.1,0.8,2.8,4.1
117,Spencer Haywood*,PF,27,NYK,31,1021,15.6,0.506,,0.292,8.1,20.4,14.4,6.7,0.6,1.5,,,,1.1,1,2.1,0.096,,0.6,-1.2,-0.6,0.4
118,Gar Heard,PF,28,PHO,46,1363,12.6,0.431,,0.302,9.5,25.2,17.4,8.9,1.8,2.2,,,,-0.8,2.5,1.7,0.062,,-2,0.7,-1.3,0.2
119,Tom Henderson,PG,25,TOT,87,2791,15,0.506,,0.379,1.6,7.4,4.5,29.7,2.3,0.3,,,,2.5,2.2,4.7,0.08,,0.6,-0.1,0.5,1.8
119,Tom Henderson,PG,25,ATL,46,1568,15.2,0.492,,0.371,1.2,7.3,4.2,34.8,2.3,0.3,,,,1.1,1,2.1,0.063,,0.9,-0.5,0.4,1
119,Tom Henderson,PG,25,WSB,41,1223,14.7,0.523,,0.389,2.2,7.4,4.8,23.2,2.2,0.4,,,,1.4,1.2,2.6,0.102,,0.1,0.6,0.6,0.8
120,Phil Hicks,SF,24,TOT,37,262,13.2,0.491,,0.146,10.2,16.1,13.1,13.7,1.5,0,,,,0.2,0.3,0.5,0.093,,-1.6,0,-1.6,0.1
120,Phil Hicks,SF,24,HOU,2,7,3.5,0,,0,16.2,0,7.8,16,6.8,0,,,,0,0,0,-0.256,,-4.6,0,-4.5,0
120,Phil Hicks,SF,24,CHI,35,255,13.5,0.502,,0.149,10.1,16.5,13.3,13.7,1.3,0,,,,0.2,0.3,0.5,0.102,,-1.5,0,-1.6,0.1
121,Armond Hill,PG,23,ATL,81,1825,11.9,0.474,,0.396,2.2,6.2,4.2,30,2.1,0.2,,,,-0.1,1,0.8,0.022,,-2.2,-0.6,-2.8,-0.4
122,Darnell Hillman,C,27,IND,82,2302,14.1,0.479,,0.301,9.4,20.1,14.6,9.8,1.8,2.4,,,,1,2.8,3.8,0.079,,-1.6,0.3,-1.3,0.4
123,Wilbur Holland,SG,25,CHI,79,2453,15.6,0.488,,0.171,3.3,7.5,5.4,16.8,3.3,0.4,,,,2.4,3.6,5.9,0.116,,-0.3,1.6,1.3,2
124,Lionel Hollins,PG,23,POR,76,2224,15.6,0.477,,0.274,2.4,7.2,4.9,19.7,3.3,0.9,,,,1.1,2.9,4,0.086,,-0.7,0.8,0.1,1.2
125,Mo Howard,SG,22,TOT,32,345,14.5,0.516,,0.265,4.8,6.2,5.5,17.9,2.2,1.2,,,,0.3,0.3,0.6,0.084,,-1.7,0.7,-1,0.2
125,Mo Howard,SG,22,CLE,9,28,26.3,0.595,,0.4,7,11.3,9.1,30.4,1.7,3.9,,,,0.1,0,0.1,0.242,,-3,0.6,-2.4,0.1
125,Mo Howard,SG,22,NOJ,23,317,13.4,0.505,,0.248,4.6,5.7,5.2,16.8,2.3,1,,,,0.2,0.3,0.5,0.07,,-1.6,0.7,-0.9,0.1
126,Lou Hudson,SG,32,ATL,58,1745,14.7,0.494,,0.187,2.9,5,3.9,14.9,1.8,0.6,,,,1.9,0.8,2.7,0.074,,0.2,-0.9,-0.6,0.6
127,Kim Hughes,C,24,NYN,81,2081,9.8,0.418,,0.195,8.8,19.2,13.7,6.6,2.7,3.2,,,,-1.4,3.7,2.3,0.053,,-3.4,2.6,-0.8,0.6
128,Dan Issel*,C,28,DEN,79,2507,21.2,0.578,,0.435,8.8,19.3,14.2,11,1.6,0.6,,,,7.1,3.8,10.9,0.208,,3.1,-0.4,2.7,3
129,Phil Jackson*,PF,31,NYK,76,1033,9.4,0.484,,0.306,7.8,15.3,11.6,9.9,1.4,0.9,,,,-0.1,1,0.9,0.043,,-2.9,0.6,-2.3,-0.1
130,Aaron James,SF,24,NOJ,52,1059,14.4,0.527,,0.235,5.2,11.7,8.5,8,0.8,0.2,,,,1.3,0.8,2.1,0.095,,-0.4,-1.3,-1.7,0.1
131,Charles Johnson,PG,27,GSW,79,1196,12.6,0.456,,0.118,4.2,7.7,6,10.4,2.9,0.3,,,,0.3,1.2,1.4,0.056,,-2.1,0,-2.1,0
132,Dennis Johnson*,SG,22,SEA,81,1667,16.7,0.541,,0.507,9.5,9.1,9.3,10.6,3.3,1.8,,,,2.2,2.3,4.5,0.13,,1,1.7,2.6,2
133,George Johnson,C,28,TOT,78,1652,14.4,0.495,,0.228,12.4,25,18.7,8.3,1,5.4,,,,0.9,2.6,3.5,0.102,,-1.2,1.8,0.6,1.1
133,George Johnson,C,28,GSW,39,597,14.5,0.522,,0.207,14.6,21.1,17.8,5.3,1.1,6.4,,,,0.7,1,1.6,0.131,,-1.1,1.8,0.7,0.4
133,George Johnson,C,28,BUF,39,1055,14.3,0.48,,0.24,11.1,27.2,19.1,10.1,0.9,4.9,,,,0.3,1.6,1.9,0.086,,-1.3,1.9,0.6,0.7
134,John Johnson,SF,29,HOU,79,1738,13,0.485,,0.19,4.9,11.6,8.4,13.2,1.3,0.7,,,,1.6,0.7,2.3,0.064,,-0.2,-0.9,-1.2,0.4
135,Mickey Johnson,PF,24,CHI,81,2847,17.6,0.506,,0.338,10.7,19.6,15.1,10.8,1.7,1.3,,,,3.9,4.5,8.5,0.143,,0.7,0.2,0.8,2
136,Ollie Johnson,SF,27,KCK,81,1386,12.6,0.541,,0.258,4.9,11.2,7.9,10.2,1.4,0.8,,,,1.9,1.1,2.9,0.102,,-0.4,-0.4,-0.7,0.4
137,Bobby Jones*,PF,25,DEN,82,2419,21.1,0.605,,0.374,7.5,20.8,14.3,15.6,3.3,3.4,,,,5.5,5.5,11,0.219,,3.3,3.6,7,5.5
138,Caldwell Jones,C,26,PHI,82,2023,12.3,0.52,,0.274,9.9,22.3,16.5,5.8,0.9,4.9,,,,0.7,3.7,4.4,0.103,,-1.7,2.1,0.4,1.2
139,Dwight Jones,PF,24,HOU,74,1239,12.7,0.553,,0.373,9,15.8,12.5,5.1,1.5,0.8,,,,1.8,0.8,2.6,0.102,,-0.5,-0.5,-0.9,0.3
140,Jimmy Jones,PG,32,WSB,3,33,3,0.279,,0.444,3.2,9.1,6.2,3.7,2.7,0,,,,-0.1,0,-0.1,-0.08,,-4.8,0.1,-4.6,0
141,Rich Jones,SF,30,NYN,34,877,12.5,0.449,,0.348,5.3,17.8,11.2,8.3,2,0.7,,,,-0.5,1.1,0.6,0.033,,-3,-0.1,-3.1,-0.2
142,Robin Jones,C,22,POR,63,1065,13.1,0.496,,0.365,10.1,18.3,14.3,9.5,1.5,1.9,,,,0.7,1.4,2.2,0.097,,-0.2,0.4,0.2,0.6
143,Wil Jones,PF,29,IND,80,2709,12.7,0.466,,0.219,7.6,14.2,10.8,9.6,1.7,1.5,,,,1.5,2.3,3.7,0.066,,-1,-0.4,-1.4,0.4
144,George Karl,PG,25,SAS,29,251,9.5,0.432,,0.575,1.7,5.3,3.5,21.8,1.7,0,,,,-0.3,0.1,-0.2,-0.037,,-4.2,-1.6,-5.7,-0.3
145,Rich Kelley,C,23,NOJ,76,1505,17.6,0.554,,0.51,13.7,23.9,18.9,18.5,1.3,2.1,,,,1.9,2.4,4.3,0.138,,0.2,1.7,1.9,1.5
146,Goo Kennedy,SF,27,HOU,32,277,7.8,0.528,,0.138,5.7,14.1,10.1,2.8,1.2,1,,,,0.1,0.1,0.3,0.045,,-2.6,0,-2.7,0
147,Larry Kenon,PF,24,SAS,78,2936,19.8,0.536,,0.248,10,20.7,15.4,11.2,2.4,1,,,,6.2,3.3,9.5,0.155,,2.9,-0.5,2.4,3.3
148,Billy Knight,SF,24,IND,78,3117,20.1,0.543,,0.3,6.8,11.5,9.1,13.4,1.7,0.3,,,,8.8,1.9,10.7,0.164,,3.9,-1.3,2.7,3.7
149,Tom Kropp,SG,23,CHI,53,480,10.8,0.512,,0.27,4.5,5.7,5.1,12.2,1.8,0.1,,,,0.2,0.5,0.7,0.072,,-3.2,0.2,-3,-0.1
150,Steve Kuberski,SF,29,BOS,76,860,10.7,0.466,,0.266,8.8,15,11.9,6.3,0.4,0.3,,,,0.3,0.8,1.1,0.061,,-1.8,-1,-2.8,-0.2
151,Kevin Kunnert,C,25,HOU,81,2050,14.8,0.513,,0.184,11.6,23.6,17.8,10.3,0.8,2.8,,,,2.1,2,4.1,0.097,,-0.7,0.3,-0.4,0.8
152,Mitch Kupchak,C,22,WSB,82,1513,19.3,0.605,,0.413,12.7,20.7,16.8,6.2,0.7,1.1,,,,4.1,1.9,5.9,0.188,,2.1,-0.7,1.4,1.3
153,C.J. Kupec,SF,24,LAL,82,908,12.7,0.497,,0.295,8.7,13.5,11.2,7.7,0.9,0.2,,,,0.8,0.7,1.5,0.079,,-1.6,-1.7,-3.2,-0.3
154,Sam Lacey,C,28,KCK,82,2595,15.8,0.484,,0.364,7.3,22.6,14.7,19.3,2.1,2.8,,,,1.6,4,5.6,0.104,,0.6,2.2,2.7,3.1
155,Bo Lamar,PG,25,LAL,71,1165,12.8,0.425,,0.121,2.7,5.3,4,20.8,2.3,0.1,,,,-0.4,0.9,0.5,0.021,,-1.7,-1,-2.7,-0.2
156,John Lambert,PF,24,CLE,63,555,11.7,0.46,,0.229,11,17.4,14.1,7.4,1.4,1.8,,,,0.3,0.7,1,0.087,,-1.7,0.5,-1.2,0.1
157,Bob Lanier*,C,28,DET,64,2446,23,0.573,,0.251,8.5,23.1,15.8,12.9,1.3,2.7,,,,7.5,2.8,10.3,0.203,,5.1,0.3,5.4,4.6
158,John Laskowski,SG,23,CHI,47,562,9.8,0.393,,0.142,2.9,8.8,5.8,11.4,2.7,0.2,,,,-0.4,0.7,0.4,0.03,,-3,0.9,-2.1,0
159,Mo Layton,SG,28,NYK,56,765,14.5,0.527,,0.264,1.5,4.8,3.2,26.8,1.2,0.4,,,,0.7,0.4,1.1,0.068,,-0.2,-1.5,-1.6,0.1
160,Ron Lee,PG,24,PHO,82,1849,15.6,0.476,,0.267,5.8,11.6,8.7,21.1,3.8,1,,,,-0.5,3.2,2.8,0.072,,-1.5,2.2,0.8,1.3
161,Freddie Lewis,PG,33,IND,32,552,11.3,0.481,,0.387,2.9,5.4,4.1,13.6,1.5,0.2,,,,0.4,0.2,0.5,0.047,,-2.3,-1.4,-3.7,-0.2
162,Scott Lloyd,C,24,MIL,69,1025,11.2,0.528,,0.389,8.1,13.1,10.6,4.1,0.9,0.6,,,,1,0.4,1.3,0.062,,-2.2,-1.6,-3.8,-0.5
163,Bob Love,SF,34,TOT,59,1174,9.8,0.445,,0.308,6.8,10.8,8.7,5.8,0.9,0.3,,,,0.1,0.9,1,0.04,,-2.7,-1.5,-4.2,-0.7
163,Bob Love,SF,34,CHI,14,496,7.8,0.386,,0.229,7.9,7.4,7.7,6.8,0.8,0.2,,,,-0.4,0.4,0,-0.003,,-3.7,-2.3,-6,-0.5
163,Bob Love,SF,34,NYN,13,228,15.4,0.532,,0.368,6.3,10.8,8.4,3.1,0.2,0.5,,,,0.4,0.1,0.5,0.105,,-0.4,-1.7,-2.2,0
163,Bob Love,SF,34,SEA,32,450,9.1,0.462,,0.388,5.7,14.6,10,6.1,1.3,0.2,,,,0.1,0.4,0.5,0.055,,-2.8,-0.5,-3.3,-0.1
164,John Lucas,SG,23,HOU,82,2531,15,0.512,,0.21,2.5,6.8,4.7,24.7,2.3,0.4,,,,3.6,1.2,4.8,0.091,,1.1,-0.2,0.9,1.9
165,Maurice Lucas,PF,24,POR,79,2863,18.3,0.516,,0.323,9.9,22.2,16.2,11.5,1.3,1,,,,4.9,3.9,8.7,0.147,,1.6,-0.8,0.8,2.1
166,Moses Malone*,C,21,TOT,82,2506,19.8,0.54,,0.543,19.8,26.7,23.4,4.8,1.3,3.9,,,,5.4,3.3,8.7,0.167,,2.4,-0.5,1.9,2.5
166,Moses Malone*,C,21,BUF,2,6,-0.3,,,,0,16.9,8.4,0,0,0,,,,0,0,0,0.019,,-4.7,-0.1,-4.7,0
166,Moses Malone*,C,21,HOU,80,2500,19.8,0.54,,0.543,19.8,26.7,23.4,4.8,1.3,3.9,,,,5.4,3.3,8.7,0.168,,2.4,-0.5,1.9,2.5
167,Pete Maravich*,SG,29,NOJ,73,3041,19.8,0.492,,0.293,2.9,8.9,6,22.3,1.2,0.4,,,,4.2,2.2,6.4,0.101,,2.7,-1.6,1.1,2.4
168,Jack Marin,SF,32,CHI,54,869,11.1,0.485,,0.109,3.2,7.8,5.4,11.4,0.7,0.4,,,,0.6,0.7,1.3,0.073,,-1.5,-1,-2.5,-0.1
169,Scott May,SF,22,CHI,72,2369,14.1,0.498,,0.238,6.1,13.2,9.6,9.6,1.6,0.4,,,,2.6,2.9,5.4,0.11,,0,-0.3,-0.3,1
170,Clyde Mayes,PF,23,TOT,9,52,6.7,0.294,,0.368,19.3,11.6,15.4,7.7,0,4,,,,-0.2,0,-0.1,-0.109,,-4.5,-0.4,-4.8,-0.1
170,Clyde Mayes,PF,23,IND,2,21,13.2,0.4,,0.571,18,14.2,16.2,19.1,0,4.9,,,,0,0,0,-0.041,,-4.1,0,-4.1,0
170,Clyde Mayes,PF,23,BUF,2,7,-1.7,0.231,,1,0,43.5,21.6,0,0,0,,,,-0.1,0,0,-0.315,,-5.2,-0.2,-5.4,0
170,Clyde Mayes,PF,23,POR,5,24,3.5,0.222,,0,26.2,0,12.9,0,0,4.4,,,,-0.1,0,-0.1,-0.109,,-4.6,-0.7,-5.3,-0.1
171,Bob McAdoo*,C,25,TOT,72,2798,21.8,0.557,,0.357,7.5,26.6,17.2,11.5,1.2,1.8,,,,5.8,3.8,9.6,0.164,,3.1,0.1,3.2,3.7
171,Bob McAdoo*,C,25,BUF,20,767,19.9,0.505,,0.395,8.6,26.2,17.4,13.8,0.9,2.2,,,,0.7,0.9,1.7,0.104,,1.4,-0.3,1.2,0.6
171,Bob McAdoo*,C,25,NYK,52,2031,22.6,0.577,,0.343,7,26.8,17.1,10.6,1.3,1.7,,,,5,2.9,7.9,0.187,,3.8,0.2,4,3.1
172,Andre McCarter,PG,23,KCK,59,725,11.6,0.488,,0.175,2.2,5.8,3.9,18.6,1.4,0,,,,0.5,0.4,0.8,0.055,,-1.3,-1.2,-2.5,-0.1
173,Ted McClain,SG,30,DEN,72,2002,10.9,0.483,,0.241,2.7,8.8,5.8,20.6,2.3,0.3,,,,0.2,2.5,2.7,0.065,,-2.5,1,-1.5,0.3
174,Paul McCracken,SG,26,CHI,9,119,11.6,0.428,,0.383,5.2,8.9,7,17.6,2.4,0,,,,-0.1,0.1,0,0.019,,-3.5,0.1,-3.4,-0.1
175,Glenn McDonald,SF,24,MIL,9,79,4.6,0.266,,0.118,10.4,5.3,7.9,10.7,2.2,0,,,,-0.3,0,-0.2,-0.145,,-4.8,-1,-5.8,-0.1
176,Jim McElroy,PG,23,NOJ,73,2029,12.9,0.524,,0.339,2.7,6,4.4,17.7,1.3,0.2,,,,2.3,1.2,3.5,0.083,,-0.6,-0.6,-1.2,0.4
177,George McGinnis*,PF,26,PHI,79,2769,20.8,0.503,,0.379,12.4,20.1,16.5,16.8,2.6,0.7,,,,3.7,4.9,8.6,0.149,,2,0.2,2.2,2.9
178,Tom McMillen,C,24,TOT,76,1492,12.9,0.522,,0.218,8,18.9,13.6,6.2,0.3,0.2,,,,1.4,1,2.5,0.079,,-0.8,-1.6,-2.4,-0.2
178,Tom McMillen,C,24,BUF,20,270,13.9,0.538,,0.391,10.8,16.2,13.4,8.6,0.2,0.4,,,,0.4,0.1,0.5,0.088,,-0.7,-1.6,-2.3,0
178,Tom McMillen,C,24,NYK,56,1222,12.7,0.518,,0.185,7.4,19.5,13.6,5.6,0.4,0.2,,,,1,0.9,2,0.077,,-0.8,-1.6,-2.5,-0.2
179,Jim McMillian,SF,28,NYK,67,2158,9.9,0.488,,0.134,3.3,11.5,7.5,8.2,1.3,0.1,,,,1.1,1.5,2.6,0.057,,-0.9,-0.2,-1.1,0.5
180,Larry McNeill,PF,26,TOT,24,230,19.6,0.526,,0.545,12,21.1,16.5,4,2,0.5,,,,0.4,0.3,0.7,0.15,,-1.4,-0.8,-2.1,0.1
180,Larry McNeill,PF,26,NYN,8,93,18.1,0.467,,0.588,10.4,18.4,14.2,5.5,2,0.6,,,,0,0.1,0.1,0.057,,-2.6,-0.7,-3.3,0
180,Larry McNeill,PF,26,GSW,16,137,20.6,0.576,,0.508,13.2,23,18.1,3,2,0.4,,,,0.4,0.2,0.6,0.214,,-0.5,-0.8,-1.4,0.1
181,Dean Meminger,SG,28,NYK,32,254,8,0.466,,0.639,5.1,5.7,5.4,13.2,1.4,0.2,,,,0,0.1,0.2,0.032,,-1.9,0.1,-1.8,0
182,John Mengelt,SG,27,CHI,61,1178,12.9,0.499,,0.247,2.5,7.2,4.9,15.1,1.5,0.2,,,,1.1,1.1,2.3,0.092,,-1.1,-0.3,-1.4,0.2
183,Joe Meriweather,C,23,ATL,74,2068,14.5,0.57,,0.42,10.9,19.9,15.3,5.9,0.9,2.2,,,,2.9,1.9,4.8,0.112,,-0.6,-0.3,-0.9,0.6
184,Dave Meyers,PF,23,MIL,50,1262,14,0.519,,0.501,9.9,18.1,14,8.6,1.5,1.3,,,,1.2,0.9,2.2,0.082,,-0.5,-0.5,-1.1,0.3
185,Steve Mix,SF,29,PHI,75,1958,15.1,0.593,,0.477,6.9,12.1,9.6,10.5,2,0.5,,,,4.1,2.4,6.5,0.158,,1.1,0.6,1.8,1.9
186,Eric Money,PG,21,DET,73,1586,15.8,0.549,,0.181,2.8,5.3,4,20.5,2.5,0.5,,,,2.4,0.9,3.3,0.099,,0.2,0,0.2,0.9
187,Earl Monroe*,SG,32,NYK,77,2656,18.1,0.569,,0.309,1.8,6.9,4.4,19.8,1.5,0.4,,,,6.2,1.6,7.8,0.141,,2.3,-0.6,1.7,2.5
188,Otto Moore,C,30,NOJ,81,2084,11.5,0.445,,0.281,8,21.3,14.8,11.2,1.2,2.9,,,,-0.3,3.2,2.9,0.067,,-1.7,1.7,0,1.1
189,Allen Murphy,SG,24,LAL,2,18,1.8,0.309,,1.4,17.4,5.5,11.3,0,0,0,,,,-0.1,0,-0.1,-0.229,,-5,-0.7,-5.7,-0.1
190,Calvin Murphy*,PG,28,HOU,82,2764,17.4,0.542,,0.252,2.2,4.5,3.4,20.6,2.5,0.2,,,,6.6,1.1,7.7,0.134,,1.6,-0.5,1.1,2.2
191,Swen Nater,C,27,MIL,72,1960,19.1,0.568,,0.314,14,31.8,22.8,7.5,1.2,1.3,,,,4.5,2.4,6.9,0.168,,2.4,-1,1.4,1.7
192,Lloyd Neal,PF,26,POR,58,955,13.1,0.509,,0.335,9.5,17.8,13.7,8.1,0.4,2,,,,0.8,1,1.8,0.091,,-1.3,-0.9,-2.2,0
193,Louie Nelson,SG,25,SAS,4,57,8.4,0.527,,0.5,3.7,8.9,6.3,6.4,1.5,0,,,,0,0,0,0.032,,-3.6,-0.3,-3.9,0
194,Johnny Neumann,SG,25,TOT,63,937,11.1,0.438,,0.219,2.6,5.1,3.9,20,1.5,0.5,,,,-0.6,0.5,0,0,,-3.5,-1.4,-4.9,-0.6
194,Johnny Neumann,SG,25,BUF,4,49,19.8,0.478,,0.176,10.2,8.3,9.3,14.9,2.7,2,,,,0,0,0.1,0.084,,-2.4,0,-2.3,0
194,Johnny Neumann,SG,25,LAL,59,888,10.7,0.434,,0.223,2.2,4.9,3.6,20.3,1.4,0.5,,,,-0.6,0.5,-0.1,-0.005,,-3.6,-1.5,-5.1,-0.7
195,Mike Newlin,SG,28,HOU,82,2119,16.1,0.53,,0.358,2.8,7.5,5.3,21.2,1.3,0.1,,,,4.2,0.4,4.7,0.106,,1,-1.5,-0.5,0.8
196,Willie Norwood,SF,29,SEA,76,1647,12,0.528,,0.447,7.6,10.8,9.1,8.2,1.7,0.2,,,,1.8,1.5,3.3,0.095,,-1.1,-0.3,-1.3,0.3
197,Mark Olberding,PF,20,SAS,82,1949,14.2,0.579,,0.528,8.6,15,11.9,7.8,1.3,0.7,,,,3.1,1.2,4.3,0.106,,-0.5,-1.2,-1.7,0.2
198,Frank Oleynick,PG,21,SEA,50,516,9.6,0.408,,0.238,2.5,6.7,4.5,16.3,1.1,0.4,,,,-0.5,0.3,-0.2,-0.018,,-3.6,-1.7,-5.3,-0.4
199,Tom Owens,C,27,HOU,46,462,13.8,0.558,,0.563,11.5,21.7,16.8,5.2,0.4,1.5,,,,0.6,0.3,0.9,0.094,,-2,-1.2,-3.1,-0.1
200,Joe Pace,C,23,WSB,30,119,16.5,0.472,,0.527,14.1,15.2,14.7,4.9,0.8,7.3,,,,-0.1,0.2,0.1,0.054,,-4.3,0.7,-3.6,0
201,Robert Parish*,C,23,GSW,77,1384,19.3,0.538,,0.298,14.6,25.1,19.8,7.3,1.8,3.5,,,,2.5,2.3,4.8,0.167,,0.7,0.3,1,1.1
202,Sonny Parker,SF,21,GSW,65,889,16.4,0.57,,0.315,9.6,10.1,9.8,8.6,2.7,1.5,,,,2,1,3,0.16,,2.3,0.7,3.1,1.1
203,Billy Paultz,C,28,SAS,82,2694,15.8,0.515,,0.29,7.4,18.7,13.1,11.1,0.9,3.1,,,,3,2.3,5.3,0.095,,0.4,-0.2,0.1,1.5
204,Curtis Perry,PF,28,PHO,44,1391,12.7,0.493,,0.343,11.6,19,15.3,7.7,1.6,1.1,,,,0.7,2,2.8,0.096,,-1.2,0,-1.2,0.3
205,Cliff Pondexter,PF,22,CHI,78,996,10,0.448,,0.253,8,16.8,12.3,5.8,1.6,0.6,,,,0.1,1.4,1.5,0.071,,-1.9,0.3,-1.6,0.1
206,Howard Porter,PF,28,DET,78,2200,13.6,0.509,,0.125,7.3,14.3,10.8,3.2,1,1.7,,,,2.7,1.4,4.1,0.089,,0.1,-1.4,-1.3,0.4
207,Kevin Porter,PG,26,DET,81,2117,14.7,0.54,,0.22,1.4,3.4,2.4,34.6,1.8,0.2,,,,2.1,0.6,2.7,0.062,,0.1,-1.8,-1.7,0.2
208,Jim Price,PG,27,TOT,81,1828,11.8,0.481,,0.182,2.9,9.9,6.5,18.7,3,0.6,,,,0.1,2.5,2.7,0.07,,-2.7,1.8,-0.8,0.6
208,Jim Price,PG,27,MIL,6,111,15.4,0.545,,0.22,3.7,8.4,6.1,18.2,2.8,0.5,,,,0.2,0.1,0.2,0.108,,-1.6,0.5,-1.1,0.1
208,Jim Price,PG,27,BUF,20,333,10.8,0.465,,0.192,1.5,8.8,5.1,15.8,3.4,0.7,,,,-0.1,0.3,0.2,0.032,,-4,1.8,-2.2,0
208,Jim Price,PG,27,DEN,55,1384,11.8,0.478,,0.175,3.1,10.3,6.8,19.5,3,0.5,,,,0.1,2.1,2.2,0.076,,-2.4,1.9,-0.5,0.5
209,Ed Ratleff,SF,26,HOU,37,533,10.8,0.462,,0.261,5.1,10.5,7.9,10.6,1.8,0.6,,,,0.2,0.3,0.5,0.044,,-0.7,-0.3,-0.9,0.1
210,Clifford Ray,C,28,GSW,77,2018,14.1,0.587,,0.442,9.9,20.9,15.4,6.8,1.6,2.1,,,,3,2.7,5.7,0.136,,0.3,0.7,1,1.5
211,Kevin Restani,PF,25,MIL,64,1116,12.2,0.52,,0.072,7.5,16.9,12.1,10.2,1.3,0.5,,,,1.2,0.6,1.8,0.079,,0,-0.5,-0.4,0.5
212,Mike Riordan,SF,31,WSB,49,289,5.6,0.393,,0.16,2.5,7,4.8,9,0.5,0.4,,,,-0.3,0.2,-0.1,-0.024,,-4.5,-1,-5.5,-0.3
213,Marv Roberts,SF,27,LAL,28,209,6,0.369,,0.079,4.5,7.6,6.1,11.4,0.9,0.5,,,,-0.3,0.1,-0.2,-0.051,,-5.1,-1.2,-6.3,-0.3
214,Truck Robinson,PF,25,TOT,77,2777,17.1,0.526,,0.358,9.5,21.8,15.6,8,1.1,0.7,,,,4.2,3,7.3,0.125,,1.3,-0.9,0.5,1.7
214,Truck Robinson,PF,25,WSB,41,1328,15.2,0.516,,0.342,9.4,18.7,14.2,4.9,1,0.7,,,,1.6,1.5,3.2,0.114,,0.2,-1,-0.7,0.4
214,Truck Robinson,PF,25,ATL,36,1449,18.8,0.534,,0.372,9.6,24.6,17,10.8,1.2,0.8,,,,2.6,1.5,4.1,0.136,,2.3,-0.7,1.6,1.3
215,Bill Robinzine,PF,24,KCK,75,1594,15.6,0.501,,0.319,10.3,20.9,15.4,8.5,2.4,0.4,,,,1.3,2.2,3.4,0.104,,-1.2,-0.3,-1.6,0.2
216,Dave Robisch,C,27,IND,80,1966,16.5,0.515,,0.316,8.2,19.4,13.7,11.4,1.3,1,,,,3.2,1.8,5,0.122,,1.2,-0.9,0.3,1.1
217,Marshall Rogers,PG,23,GSW,26,176,9.8,0.408,,0.129,3.4,2.9,3.2,8.2,2,0.9,,,,-0.3,0.1,-0.2,-0.043,,-5.3,-1.6,-6.9,-0.3
218,Dan Roundfield,PF,23,IND,61,1645,17.6,0.505,,0.326,10.3,20.6,15.3,6.1,1.7,4.1,,,,1.7,2.2,3.9,0.115,,-0.5,0.1,-0.4,0.7
219,Curtis Rowe,PF,27,BOS,79,2190,12.6,0.542,,0.38,8.5,16.7,12.6,6.7,0.5,1.1,,,,2.7,2.5,5.2,0.114,,-0.3,0.1,-0.2,1
220,Campy Russell,SF,25,CLE,70,2109,17.3,0.497,,0.369,6.7,13.7,10.1,13.5,1.6,0.6,,,,3.2,2.3,5.5,0.126,,1.4,-0.3,1.1,1.7
221,Cazzie Russell,SF,32,LAL,82,2583,15.3,0.527,,0.186,3.5,8,5.8,11.6,1.5,0.1,,,,4.9,1.7,6.6,0.123,,0.9,-1,-0.1,1.3
222,Fred Saunders,SF,25,BOS,68,1051,10.9,0.482,,0.134,6.9,13.9,10.4,11.6,1.1,0.3,,,,0,1.2,1.2,0.054,,-2.9,0.2,-2.7,-0.2
223,Dale Schlueter,C,31,PHO,39,337,8.5,0.409,,0.431,9.6,15.9,12.8,14.3,1.1,1.3,,,,-0.4,0.4,0.1,0.009,,-4.1,0.7,-3.4,-0.1
224,Charlie Scott*,SG,28,BOS,43,1581,14.1,0.482,,0.236,3.3,8.6,5.9,18.6,1.7,0.4,,,,0.8,1.7,2.5,0.075,,-0.7,0.3,-0.4,0.6
225,Bruce Seals,PF,23,SEA,81,1977,12.3,0.477,,0.229,5.9,12.8,9.2,6.9,1.1,1.6,,,,0.6,1.9,2.4,0.059,,-1.9,-0.7,-2.7,-0.3
226,Phil Sellers,SG,23,DET,44,329,14,0.447,,0.379,6,6.9,6.5,10.4,3,0,,,,-0.3,0.2,0,-0.007,,-3.7,-1.2,-5,-0.3
227,Lonnie Shelton,PF,21,NYK,82,2104,16.7,0.511,,0.269,11.2,20.2,15.8,9.6,2.6,2.4,,,,1.2,3.4,4.6,0.105,,-0.8,1.2,0.4,1.3
228,John Shumate,PF,24,BUF,74,2601,15.9,0.554,,0.556,6.3,21,13.6,8.8,1.5,1.6,,,,3.5,2.8,6.3,0.117,,0.6,0.4,1,2
229,James Silas,PG,27,SAS,22,356,17.1,0.553,,0.754,2,7.2,4.6,18.3,1.6,0.4,,,,0.6,0.1,0.7,0.099,,-0.1,-1.6,-1.7,0
230,Paul Silas,PF,33,DEN,81,1959,10.8,0.425,,0.446,12.6,18.8,15.8,8.4,1.3,0.6,,,,-0.2,2.8,2.5,0.062,,-1.7,-0.7,-2.4,-0.2
231,Ralph Simpson,SG,27,DET,77,1597,14.4,0.462,,0.234,3.1,8.6,5.9,15.4,1.9,0.2,,,,0.4,0.8,1.2,0.037,,-0.6,-1.5,-2.1,0
232,Al Skinner,SG,24,NYN,79,2256,15.7,0.49,,0.329,4.8,11.9,8.2,20.8,2.1,1.3,,,,0.7,2.6,3.3,0.069,,-0.6,0.5,-0.1,1.1
233,Bingo Smith,SF,30,CLE,81,2135,15,0.478,,0.158,4.2,11.1,7.5,11.3,1.4,0.8,,,,2.2,2,4.2,0.095,,0.2,-0.6,-0.3,0.9
234,Elmore Smith,C,27,TOT,70,1464,14.9,0.499,,0.42,7.8,23.2,15.4,3.9,1.1,5.2,,,,0.7,2.2,2.9,0.094,,-1.7,1.2,-0.4,0.6
234,Elmore Smith,C,27,MIL,34,789,12.6,0.48,,0.415,6.8,20.6,13.6,4.8,1.1,4.4,,,,0,0.8,0.8,0.051,,-2.5,0.6,-1.9,0
234,Elmore Smith,C,27,CLE,36,675,17.6,0.517,,0.425,9,26.3,17.4,2.8,1.1,6,,,,0.7,1.4,2,0.145,,-0.7,2,1.3,0.6
235,Phil Smith,SG,24,GSW,82,2880,16.1,0.525,,0.285,3.5,8.1,5.8,15.8,1.5,0.5,,,,5.2,1.8,7,0.117,,1.2,-1,0.2,1.6
236,Randy Smith,SG,28,BUF,82,3094,17.6,0.507,,0.257,4.3,10.6,7.4,22.8,2.5,0.1,,,,3.9,2.5,6.4,0.099,,1,0.1,1.1,2.4
237,Willie Smith,PG,23,CHI,2,11,-3.8,0,,0,0,0,0,0,0,0,,,,0,0,0,-0.067,,-4.7,-0.1,-4.9,0
238,Dick Snyder,SG,32,CLE,82,1685,13.3,0.5,,0.215,2.7,6.4,4.5,13.9,1.3,1,,,,2.2,1.2,3.4,0.097,,-0.4,-0.1,-0.6,0.6
239,Ricky Sobers,SG,24,PHO,79,2005,16.5,0.557,,0.347,4.4,8.1,6.3,18.1,2.1,0.4,,,,3,2.2,5.3,0.126,,0.2,0.2,0.5,1.3
240,Mike Sojourner,PF,23,ATL,51,551,13.5,0.506,,0.281,9.3,19.1,14.1,5.8,1.2,0.9,,,,0.4,0.5,0.9,0.079,,-0.6,-0.9,-1.5,0.1
241,Kevin Stacom,SG,25,BOS,79,1051,10.1,0.436,,0.132,3.8,5.3,4.5,15.8,0.8,0.1,,,,-0.1,0.7,0.6,0.027,,-1.8,-1,-2.7,-0.2
242,Bud Stallworth,SF,27,NOJ,40,526,12.2,0.472,,0.107,3.5,9.4,6.5,6.9,1.6,1.1,,,,-0.1,0.5,0.4,0.04,,-2.5,-0.5,-2.9,-0.1
243,Keith Starr,SG,22,CHI,17,65,3.7,0.281,,0.083,9.5,6.5,8,12.7,0.7,0,,,,-0.2,0,-0.2,-0.111,,-5.3,-0.8,-6.1,-0.1
244,Larry Steele,SG,27,POR,81,1680,16.3,0.555,,0.348,4.4,7,5.8,14.1,3.1,0.4,,,,3.2,2,5.2,0.148,,0.5,1.1,1.6,1.5
245,Earl Tatum,SG,23,LAL,68,1249,16.5,0.49,,0.165,6.9,12.2,9.6,13.5,3.1,0.9,,,,0.9,1.7,2.6,0.101,,-0.2,0.8,0.6,0.8
246,Brian Taylor,PG,25,KCK,72,2488,17.6,0.55,,0.276,3.5,6.5,5,18.5,3.6,0.4,,,,5.1,2.8,7.9,0.152,,1.5,1.5,3,3.1
247,Fatty Taylor,PG,30,DEN,79,1548,11.1,0.439,,0.207,6.1,7.8,7,22.6,3.7,0.3,,,,-0.3,2.5,2.1,0.066,,-2.2,2.7,0.5,1
248,Ira Terrell,SF,22,PHO,78,1751,12.8,0.534,,0.323,6.1,17.7,11.9,8.3,1.1,1.5,,,,1.3,2.3,3.6,0.097,,-0.7,0.2,-0.5,0.7
249,Chuck Terry,SF,26,NYN,61,1075,8.8,0.44,,0.195,3.9,9.9,6.7,5.5,2.5,0.5,,,,-0.5,1.2,0.7,0.029,,-4,0.9,-3.1,-0.3
250,Claude Terry,SG,27,TOT,45,545,13.2,0.542,,0.23,2.3,6.5,4.3,16,1.7,0.1,,,,0.8,0.2,1,0.088,,-1,-0.2,-1.3,0.2
250,Claude Terry,SG,27,BUF,33,304,11.6,0.508,,0.221,1.3,8,4.6,15.7,1.6,0,,,,0.2,0.1,0.3,0.055,,-2.2,-0.3,-2.6,0
250,Claude Terry,SG,27,ATL,12,241,15.2,0.582,,0.241,3.5,4.5,4,16.3,1.7,0.2,,,,0.6,0.1,0.6,0.129,,0.5,-0.1,0.4,0.2
251,David Thompson*,SG,22,DEN,82,3001,19.8,0.559,,0.383,4.8,6.5,5.7,17.7,1.6,0.9,,,,7.6,3.1,10.7,0.172,,3.1,-0.6,2.5,3.4
252,Nate Thurmond*,C,35,CLE,49,997,14.3,0.458,,0.431,11.9,26.7,19.1,10.8,0.8,4.4,,,,0.5,1.8,2.3,0.113,,-1,2,1,0.8
253,Dean Tolson,PF,25,SEA,60,587,20.8,0.575,,0.657,12.3,15.4,13.8,7.2,2.4,1.9,,,,1.2,0.8,2,0.166,,2.4,0.4,2.8,0.7
254,Rudy Tomjanovich*,PF,28,HOU,81,3130,17.9,0.552,,0.238,6.2,17.2,11.9,8.3,0.9,0.5,,,,8.8,1.5,10.4,0.159,,3.2,-1.5,1.7,2.9
255,Monte Towe,PG,23,DEN,51,409,10.3,0.436,,0.181,2.1,6.3,4.2,27.6,1.7,0,,,,-0.3,0.4,0.1,0.013,,-3.7,-0.7,-4.5,-0.3
256,George Trapp,PF,28,DET,6,68,11.5,0.536,,0.138,6.1,9.1,7.6,6,0,0.8,,,,0.1,0,0.1,0.062,,-3.1,-0.8,-3.9,0
257,Dave Twardzik,PG,26,POR,74,1937,16.3,0.689,,0.66,4.1,6.6,5.4,16.3,2.9,0.4,,,,5.3,2.2,7.5,0.186,,1.4,1.6,3,2.5
258,Wes Unseld*,C,30,WSB,82,2860,12.8,0.513,,0.301,8.9,22.3,15.8,15.9,1.4,0.8,,,,2.1,4.1,6.2,0.103,,0.3,1.7,2,2.9
259,Dick Van Arsdale,SG,33,PHO,78,1535,11.1,0.524,,0.333,2.2,6,4.1,10.9,1,0.2,,,,1.7,1.1,2.7,0.086,,-1.2,-0.8,-1.9,0
260,Tom Van Arsdale,SF,33,PHO,77,1425,7.7,0.484,,0.367,3.6,10.3,7,6.3,0.6,0.1,,,,0,1.1,1.1,0.037,,-3.4,-1,-4.4,-0.9
261,Jan van Breda Kolff,SF,25,NYN,72,2398,12,0.52,,0.374,6.3,13.5,9.7,7.3,1.4,1.6,,,,2,2.5,4.5,0.091,,-1,0.3,-0.7,0.8
262,Norm Van Lier,PG,29,CHI,82,3097,13.4,0.485,,0.42,3.6,8.9,6.2,28.4,2,0.3,,,,1.9,3.6,5.5,0.085,,-1,0.5,-0.5,1.1
263,Neal Walk,C,28,NYK,11,135,12.6,0.516,,0.123,4,16.8,10.5,6.2,1.3,1.2,,,,0.1,0.1,0.2,0.07,,-2.6,-0.1,-2.7,0
264,Andy Walker,SF,21,NOJ,40,438,13,0.509,,0.301,5.2,11.3,8.3,10.3,2,0.8,,,,0.2,0.5,0.7,0.081,,-1.7,0.6,-1.1,0.1
265,Foots Walker,PG,25,CLE,62,1216,16,0.504,,0.33,4.4,9.1,6.7,28.1,3.2,0.2,,,,1.5,1.6,3,0.12,,0,1.5,1.5,1.1
266,Wally Walker,SF,22,POR,66,627,14,0.489,,0.328,7.5,10.2,8.9,11.6,1,0.2,,,,0.4,0.5,0.9,0.068,,-1,-2.2,-3.2,-0.2
267,Bill Walton*,C,24,POR,65,2264,22.9,0.563,,0.352,9.8,32.3,21.2,15.4,1.3,5,,,,5.4,4.8,10.2,0.215,,4.3,2.3,6.7,5
268,Lloyd Walton,PG,23,MIL,53,678,14.5,0.529,,0.346,2.3,5.5,3.9,26,2.6,0.1,,,,0.8,0.3,1.1,0.078,,0,-0.3,-0.3,0.3
269,Henry Ward,SG,25,SAS,27,171,10.3,0.426,,0.189,6.1,13.7,9.9,4.7,1.5,1.4,,,,-0.2,0.1,-0.1,-0.023,,-4.6,-1.4,-6.1,-0.2
270,Cornell Warner,PF,28,LAL,14,170,12.4,0.485,,0.113,12.9,28.1,20.7,8.3,0.3,0.6,,,,0.1,0.2,0.3,0.091,,-2.4,-0.8,-3.2,-0.1
271,Kermit Washington,PF,25,LAL,53,1342,16,0.556,,0.492,14.1,23,18.7,4.6,1.5,2,,,,2.2,2.1,4.3,0.153,,-0.2,-0.4,-0.6,0.5
272,Richard Washington,PF,21,KCK,82,2265,14.2,0.467,,0.246,8.9,23.6,16,5.4,1.3,2.2,,,,0.3,3,3.2,0.068,,-2,-1.1,-3.1,-0.6
273,Slick Watts,PG,25,SEA,79,2627,16.3,0.449,,0.289,3,9.2,6,34,3.7,0.5,,,,-0.3,3.6,3.3,0.06,,-0.2,0.9,0.7,1.8
274,Nick Weatherspoon,SF,26,TOT,62,1657,12.8,0.472,,0.209,7.2,19.9,13.3,4.7,1.4,0.9,,,,0.6,2.1,2.6,0.076,,-1.3,-0.7,-2,-0.1
274,Nick Weatherspoon,SF,26,WSB,11,152,7.1,0.371,,0.105,7.6,8.6,8.1,1.8,0.9,1.7,,,,-0.3,0.1,-0.1,-0.046,,-4.3,-1.3,-5.5,-0.2
274,Nick Weatherspoon,SF,26,SEA,51,1505,13.3,0.484,,0.221,7.2,21,13.8,5,1.5,0.8,,,,0.8,1.9,2.8,0.089,,-1,-0.6,-1.6,0.1
275,Marvin Webster,C,24,DEN,80,1276,16.7,0.542,,0.55,12.5,25.9,19.4,6.5,0.8,4.7,,,,1.4,2.5,3.9,0.146,,0,1,0.9,1
276,Scott Wedman,SF,24,KCK,81,2743,14.6,0.504,,0.213,6.8,12.5,9.6,11.7,1.6,0.5,,,,3.7,2.3,6,0.104,,0.9,-0.8,0.1,1.4
277,Bob Weiss,PG,34,WSB,62,768,11.3,0.512,,0.278,2.1,7.1,4.6,20.9,3.1,0.5,,,,0.5,1,1.4,0.089,,-1.7,2.6,0.9,0.6
278,Paul Westphal*,PG,26,PHO,81,2600,21.4,0.571,,0.333,2.4,5.5,3.9,29.4,2.3,0.4,,,,6.9,2.7,9.6,0.178,,3.9,0.1,4,4
279,Jo Jo White*,PG,30,BOS,82,3333,14.9,0.486,,0.257,2.6,8.6,5.6,21.7,1.6,0.3,,,,3.2,3.4,6.5,0.094,,0.3,0.1,0.4,2
280,Rudy White,SG,23,HOU,46,368,9.6,0.466,,0.236,4,8,6.1,12.4,1.4,0.1,,,,0.1,0.1,0.2,0.025,,-1.9,-0.7,-2.6,-0.1
281,Sidney Wicks,PF,27,BOS,82,2642,15.4,0.509,,0.458,10.1,20.5,15.3,9.2,1.1,1.2,,,,2.2,3.8,6.1,0.11,,-0.3,0.3,-0.1,1.3
282,Bob Wilkerson,SF,22,SEA,78,1552,11.2,0.42,,0.213,6.1,11.2,8.6,15.2,2.1,0.3,,,,-0.6,1.6,0.9,0.028,,-2.1,-0.1,-2.2,-0.1
283,Jamaal Wilkes*,PF,23,GSW,76,2579,16.8,0.523,,0.27,6,16.7,11.3,11.2,2.2,0.3,,,,4.3,2.9,7.3,0.135,,1.2,-0.2,1,2
284,Chuck Williams,PG,30,TOT,65,867,10.2,0.451,,0.414,3.1,8.7,5.9,19.5,1.6,0.2,,,,0,0.6,0.6,0.035,,-2.3,-0.1,-2.4,-0.1
284,Chuck Williams,PG,30,DEN,21,311,9.8,0.454,,0.419,2.7,8.3,5.6,17.8,1.1,0,,,,0,0.3,0.3,0.041,,-2.7,-0.7,-3.4,-0.1
284,Chuck Williams,PG,30,BUF,44,556,10.4,0.449,,0.41,3.2,8.9,6.1,20.4,1.9,0.3,,,,0,0.3,0.4,0.032,,-2,0.2,-1.8,0
285,Chuckie Williams,SG,23,CLE,22,65,8.8,0.354,,0.255,4.5,1.6,3.1,16.4,0.7,0,,,,-0.2,0,-0.2,-0.137,,-4.8,-1.7,-6.5,-0.1
286,Earl Williams,C,25,NYN,1,7,11.2,0.323,,3,13.8,15.3,14.5,18.2,0,8,,,,-0.1,0,0,-0.328,,-4.9,0,-4.9,0
287,Gus Williams,PG,23,GSW,82,1930,14.2,0.497,,0.214,3.7,8.5,6.1,19.6,2.8,0.5,,,,1.6,1.9,3.6,0.088,,-0.7,0.7,0,1
288,Nate Williams,SF,26,NOJ,79,1776,14.7,0.486,,0.212,5.9,10.7,8.3,8.1,1.9,0.5,,,,1,1.8,2.8,0.077,,-0.9,-0.6,-1.4,0.3
289,John Williamson,SG,25,TOT,72,2481,15.9,0.501,,0.244,1.6,6.3,3.9,13.7,2,0.3,,,,2.3,1.6,3.9,0.075,,-0.3,-0.8,-1.2,0.5
289,John Williamson,SG,25,NYN,42,1426,15.8,0.49,,0.254,1.6,7.1,4.2,11.8,1.9,0.2,,,,0.6,1.1,1.8,0.06,,-0.8,-0.8,-1.5,0.2
289,John Williamson,SG,25,IND,30,1055,16,0.518,,0.23,1.6,5.3,3.4,16.3,2,0.3,,,,1.6,0.5,2.1,0.095,,0.3,-0.9,-0.7,0.4
290,Bill Willoughby,SF,19,ATL,39,549,13.4,0.491,,0.373,12.4,20.7,16.5,3.4,1.6,2.3,,,,0.3,0.6,0.9,0.081,,-0.9,-0.4,-1.3,0.1
291,Bobby Wilson,SG,26,BOS,25,131,6.8,0.379,,0.22,2.3,4.5,3.4,14.7,1,0,,,,-0.2,0.1,-0.1,-0.055,,-5.1,-0.8,-6,-0.2
292,Brian Winters,SG,24,MIL,78,2717,16.6,0.533,,0.185,2.4,6.4,4.4,18,1.9,0.5,,,,5.2,0.8,6,0.106,,1.5,-0.8,0.7,1.8
293,Willie Wise,SF,29,DEN,75,1403,13.3,0.506,,0.425,5.7,12.6,9.2,13.7,1.8,0.7,,,,0.7,1.9,2.5,0.087,,-1.3,0.1,-1.2,0.3
294,Dave Wohl,PG,27,TOT,51,986,10.3,0.445,,0.307,1.6,7,4.2,21.3,1.8,0.3,,,,-0.6,0.8,0.2,0.008,,-3.9,-0.4,-4.3,-0.6
294,Dave Wohl,PG,27,HOU,14,62,9.2,0.48,,0.235,1.8,6.8,4.4,31,0,0,,,,0,0,0,-0.031,,-4.6,-0.8,-5.4,-0.1
294,Dave Wohl,PG,27,NYN,37,924,10.4,0.443,,0.311,1.6,7,4.2,20.6,2,0.4,,,,-0.6,0.8,0.2,0.01,,-3.9,-0.3,-4.2,-0.5
295,Larry Wright,PG,22,WSB,78,1421,13,0.474,,0.193,2.4,4.7,3.5,23.1,1.8,0.2,,,,0.3,1.1,1.4,0.048,,-1.8,-0.7,-2.5,-0.2